id,name,brand,variant,category,price_in_usd
0,Google Land & Sea Cotton Cap,Google,Single Option Only,Apparel,14
1,Google KeepCup,Google,Single Option Only,New,28
2,Google Land & Sea Nalgene Water Bottle,Google,Single Option Only,Drinkware,20
3,Google Unisex Eco Tee Black,Google, LG,Uncategorized Items,22
4,Google Chicago Campus Bottle,Google,Single Option Only,Campus Collection,11
5,Google SF Campus Zip Hoodie,Google, LG,Clearance,32
6,Google Chicago Campus Unisex Tee,Google, MD,Campus Collection,14
7,Google SF Campus Unisex Tee,Google, SM,Clearance,14
8,Super G Unisex Joggers,Google, LG,Shop by Brand,30
9,Mommy Works at Google Book,Google,Single Option Only,Small Goods,16
10,BLM Unisex Pullover Hoodie,Google, MD,Black Lives Matter,46
11,Google See-No Hear-No Set,Google,Single Option Only,Electronics Accessories,10
12,Google Sherpa Zip Hoodie Navy,Google, MD,Apparel,55
13,Super G Unisex Joggers,Google, SM,Shop by Brand,37
14,Google Campus Bike Bottle,Google,Single Option Only,Lifestyle,22
15,Google Sherpa Zip Hoodie Navy,Google, LG,Apparel,55
16,Google Crewneck Sweatshirt Green,Google, MD,Apparel,44
17,Google Mural Sticker Sheet,Google,Single Option Only,Small Goods,3
18,Google F/C Longsleeve Charcoal,Google, XS,Apparel,24
19,Google Speckled Beanie Navy,Google,Single Option Only,New,16
20,Google NYC Campus Sticker,Google,Single Option Only,Campus Collection,1
21,Google Campus Bike Tote Navy,Google,Single Option Only,Bags,9
22,Google Infant Charcoal Onesie,Google, 3/6 MONTHS,Apparel,20
23,Google Austin Campus Ladies Tee,Google, LG,Campus Collection,14
24,Google Austin Campus Bottle,Google,Single Option Only,Campus Collection,11
25,Google Crew Socks,Google,Single Option Only,Apparel,13
26,Google Clear Framed Blue Shades,Google,Single Option Only,Accessories,3
27,Google Sherpa Zip Hoodie Navy,Google, SM,Apparel,55
28,Google Sherpa Zip Hoodie Navy,Google, XL,Apparel,55
29,Google Zip Hoodie F/C,Google, MD,Apparel,48
30,Google Speckled Beanie Grey,Google,Single Option Only,New,16
31,Google Infant Hero Tee Olive,Google, 3/6 MONTHS,Apparel,14
32,Google Infant Charcoal Onesie,Google, 6/12 MONTHS,Apparel,20
33,Google Sunnyvale Campus Unisex Tee,Google, MD,Campus Collection,14
34,Super G Unisex Joggers,Google, MD,Shop by Brand,30
35,Google SF Campus Ladies Tee,Google, MD,Clearance,14
36,Womens Google Striped LS,Google, MD,Apparel,16
37,Google Unisex Eco Tee Black,Google, SM,Uncategorized Items,18
38,Google Unisex Eco Tee Black,Google, MD,Uncategorized Items,18
39,Google Sustainable Pencil Pouch,Google,Single Option Only,Clearance,8
40,Google Heathered Pom Beanie,Google,Single Option Only,New,12
41,Google Summer19 Crew Grey,Google, LG,Apparel,35
42,Google Women's Microfleece Jacket Black,Google, XL,Uncategorized Items,60
43,Google Recycled Writing Set,Google,Single Option Only,Clearance,3
44,Google Mural Bottle,Google,Single Option Only,Drinkware,19
45,Google SF Campus Bottle,Google,Single Option Only,Campus Collection,11
46,Google LA Campus Bottle,Google,Single Option Only,Campus Collection,11
47,Google Metallic Notebook Set,Google,Single Option Only,Office,5
48,Google Clear Pen 4-Pack,Google,Single Option Only,Office,3
49,Google Decal,Google,Single Option Only,Stationery,1
50,Google Stylus Pen w/ LED Light,Google,Single Option Only,Office,4
51,Google Crewneck Sweatshirt Green,Google, LG,Apparel,44
52,Google Cork Base Tumbler,Google,Single Option Only,New,22
53,Google Sherpa Zip Hoodie Navy,Google, XS,Apparel,55
54,Google Campus Bike Eco Tee Navy,Google, LG,Apparel,20
55,Google NYC Campus Mug,Google,Single Option Only,Campus Collection,7
56,Google Camp Mug Ivory,Google,Single Option Only,Drinkware,10
57,Google Tee Yellow,Google, XS,Clearance,9
58,Google Utility BackPack,Google,Single Option Only,Bags,96
59,Google Incognito Techpack V2,Google,Single Option Only,Bags,70
60,Google Small Standard Journal Navy,Google,Single Option Only,Lifestyle,5
61,Google Blue YoYo,Google,Single Option Only,New,4
62,Google Mini Kick Ball,Google,Single Option Only,Fun,2
63,Google Austin Campus Mug,Google,Single Option Only,Campus Collection,7
64,Google Leather Strap Hat Black,Google,Single Option Only,Apparel,14
65,Google Felt Refillable Journal,Google,Single Option Only,Clearance,16
66,Android SM S/F18 Sticker Sheet,Android,Single Option Only,Accessories,2
67,Android Iconic Sticker Sheet,Android,Single Option Only,New,3
68,Google Pride Sticker,Google,Single Option Only,Shop by Brand,1
69,Google Laptop and Cell Phone Stickers,Google,Single Option Only,Google,3
70,Stan and Friends Tee Green,Google, LG,Apparel,14
71,Android Techie 3D Framed Art,Android,Single Option Only,Accessories,16
72,Android Super Hero 3D Framed Art,Android,Single Option Only,Accessories,16
73,Android Garden Tee Orange,Android, LG,Apparel,16
74,Google Leather Strap Hat Blue,Google,Single Option Only,Apparel,14
75,Google Pen Lilac,Google,Single Option Only,Stationery,1
76,Google Crew Combed Cotton Sock,Google,Single Option Only,Apparel,14
77,YouTube Twill Sandwich Cap Black,YouTube,Single Option Only,Apparel,10
78,Google PNW Campus Mug,Google,Single Option Only,Campus Collection,7
79,Google Cambridge Campus Mug,Google,Single Option Only,Campus Collection,7
80,Google Kirkland Campus Mug,Google,Single Option Only,Campus Collection,7
81,Google Seattle Campus Mug,Google,Single Option Only,Campus Collection,7
82,Google Campus Bike Grid Task Pad,Google,Single Option Only,Office,10
83,Google Mountain View Campus Zip Hoodie,Google, MD,Campus Collection,32
84,Google Pen Neon Coral,Google,Single Option Only,Stationery,1
85,Google Sunnyvale Campus Tote,Google,Single Option Only,Campus Collection,6
86,Google Magnet,Google,Single Option Only,Accessories,6
87,Google Premium Sunglasses,Google,Single Option Only,Accessories,11
88,YouTube Icon Tee Charcoal,YouTube, MD,Apparel,22
89,Google Land & Sea French Terry Sweatshirt,Google, LG,Shop by Brand,44
90,Google Cotopaxi Shell,Google, XL,Apparel,38
91,Google Pen Citron,Google,Single Option Only,Clearance,1
92,Google Large Standard Journal Grey,Google,Single Option Only,Office,16
93,Google Pen Grass Green,Google,Single Option Only,Stationery,2
94,Google Large Tote White,Google,Single Option Only,Bags,10
95,Google Glass Bottle,Google,Single Option Only,Lifestyle,18
96,Google 24 oz Ring Bottle Red,Google,Single Option Only,Google,6
97,Google Red Speckled Tee,Google, MD,Apparel,30
98,Google Toddler FC Tee Charcoal,Google, 3T,Apparel,25
99,Google Heather Green Speckled Tee,Google, LG,Apparel,24
100,Google Youth Badge Tee Olive,Google, LG,Apparel,13
101,Google Split Seam Tee Olive,Google, LG,Apparel,21
102,Google Unisex Eco Tee Black,Google, XS,Uncategorized Items,18
103,Google Incognito Zip Pack,Google,Single Option Only,Bags,61
104,Google Chicago Campus Lapel Pin,Google,Single Option Only,Campus Collection,3
105,Google LoveHandle Black,Google,Single Option Only,New,8
106,Google Blue Kids Sunglasses,Google,Single Option Only,Accessories,4
107,Google Boulder Campus Sticker,Google,Single Option Only,Campus Collection,1
108,Google Recycled Pen Black,Google,Single Option Only,New,2
109,Google Pen Grey,Google,Single Option Only,Office,2
110,Google Boulder Campus Mug,Google,Single Option Only,Campus Collection,8
111,Google Canteen Bottle Black,Google,Single Option Only,Drinkware,24
112,Google Pen White,Google,Single Option Only,Office,2
113,Google Cork Card Holder,Google,Single Option Only,Accessories,17
114,Google Light Pen Blue,Google,Single Option Only,Writing Instruments,2
116,Google Land & Sea Journal Set,Google,Single Option Only,New,12
117,Google Mural Sticky Note Pad,Google,Single Option Only,Office,11
118,Google Confetti Task Pad,Google,Single Option Only,Office,6
119,Google Mural Notebook,Google,Single Option Only,Office,15
121,Google Blue Stojo Cup,Google,Single Option Only,Shop by Brand,25
122,Google Campus Bike,Google,Single Option Only,Accessories,40
123,Google Emoji Magnet Set,Google,Single Option Only,Small Goods,10
124,Noogler Android Figure,Android,Single Option Only,Accessories,16
125,Google Utensil Set,Google,Single Option Only,New,15
126,Google Keychain,Google,Single Option Only,Small Goods,8
127,Google Cloud Pen,Google Cloud,Single Option Only,Shop by Brand,3
128,Google Heather Green Speckled Tee,Google, SM,Apparel,24
129,Womens Google Striped LS,Google, SM,Apparel,16
130,Google Campus Bike Eco Tee Navy,Google, 2XL,Apparel,25
131,Google Navy Speckled Tee,Google, MD,Apparel,24
132,YouTube Standards Zip Hoodie Black,YouTube, MD,Apparel,60
133,Android Pocket Tee Green,Android, LG,Apparel,29
134,Google PNW Campus Unisex Tee,Google, SM,Clearance,14
135,Google NYC Campus Bottle,Google,Single Option Only,Campus Collection,11
136,Google F/C Longsleeve Ash,Google, XL,Apparel,24
137,YouTube Icon Tee Charcoal,YouTube, 3XL,Apparel,22
138,YouTube Jotter Task Pad,YouTube,Single Option Only,Shop by Brand,2
139,Google Navy Speckled Tee,Google, SM,Apparel,24
140,Google Badge Heavyweight Pullover Black,Google, XS,Apparel,46
141,Google Men's Tech Fleece Grey,Google, XL,Apparel,71
142,Google Badge Heavyweight Pullover Black,Google, XL,Apparel,46
143,Google Crewneck Sweatshirt Navy,Google, MD,Apparel,44
144,Android Iconic Socks,Android,Single Option Only,New,17
145,Android Garden Tee Orange,Android, XL,Apparel,20
146,Google Badge Heavyweight Pullover Black,Google, LG,Apparel,46
147,Google Dino Game Tee,Google, XL,Apparel,32
148,Google Campus Bike Corkbase Mug Blue,Google,Single Option Only,Lifestyle,14
149,Google F/C Longsleeve Charcoal,Google, SM,Apparel,30
150,Google F/C Longsleeve Charcoal,Google, LG,Apparel,24
151,Google Infant Charcoal Onesie,Google, 18/24 MONTHS,Apparel,20
152,Google F/C Longsleeve Ash,Google, MD,Apparel,24
153,YouTube Leather Strap Hat Black,YouTube,Single Option Only,Apparel,12
154,Android Pocket Tee Navy,Android, MD,Apparel,29
155,Youth Jumbo Print Tee White,Google, MD,Apparel,18
156,Google Toddler FC Zip Hoodie,Google, LG,Apparel,28
157,Android Pocket Onesie Navy,Android, 12/18 MONTHS,Apparel,18
158,Google NYC Campus Zip Hoodie,Google, MD,Campus Collection,32
159,Google PNW Campus Zip Hoodie,Google, LG,Clearance,32
160,Android Pocket Toddler Tee Navy,Android, 4T,Apparel,18
161,Google Toddler FC Zip Hoodie,Google, MD,Apparel,28
162,Google Cork Passport Holder,Google,Single Option Only,Accessories,16
163,Google 24oz Ring Bottle Blue,Google,Single Option Only,Google,7
164,Google Women's Puff Jacket Black,Google, MD,Apparel,115
165,Google Thermal Tumbler Navy,Google,Single Option Only,Drinkware,18
166,Android Iconic Mug Gray,Android,Single Option Only,New,17
167,Google Black Cork Journal,Google,Single Option Only,New,12
168,Maze Pen,Google,Single Option Only,Office,1
169,Google F/C Longsleeve Charcoal,Google, XL,Apparel,24
170,Google Woodtop Bottle Black,Google,Single Option Only,New,24
171,Google F/C Longsleeve Ash,Google, SM,Apparel,24
172,Google Toddler Hero Tee Black,Google, 2T,Apparel,13
173,YouTube Crew Socks,YouTube,Single Option Only,Apparel,13
174,Android Buoy Bottle,Android,Single Option Only,Drinkware,4
175,Google Camp Mug Gray,Google,Single Option Only,Shop by Brand,10
176,Google Women's Puff Jacket Black,Google, XL,Apparel,92
177,Google Youth FC Longsleeve Charcoal,Google, MD,Apparel,24
178,Google Crewneck Sweatshirt Navy,Google, SM,Apparel,44
179,Google Cotopaxi Shell,Google, SM,Apparel,38
180,Stainless Straight Straw/Cleaner,Google,Single Option Only,New,3
182,Google Women's Grid Zip-Up,Google, SM,Apparel,63
183,Google Mural Socks,Google,Single Option Only,New,12
184,Android Iconic Hat Green,Android,Single Option Only,New,13
185,Google Perk Thermal Tumbler,Google,Single Option Only,Lifestyle,16
186,Google Frisbee,Google,Single Option Only,Shop by Brand,1
187,Google Super G Tumbler (Blue Lid),Google,Single Option Only,Lifestyle,22
188,Google Beekeepers Tee Mint,Google, MD,Apparel,14
189,Google Raincoat Navy,Google, MD,Apparel,96
191,Google Bot,Google,Single Option Only,Accessories,8
192,Google Youth Badge Tee Olive,Google, SM,Apparel,13
193,Google Beekeepers Toddler Tee Pink,Google, 3T,Apparel,14
194,Google LA Campus Mug,Google,Single Option Only,Campus Collection,7
195,Google Boulder Campus Tote,Google,Single Option Only,Campus Collection,6
196,Unisex Google Pocket Tee Grey,Google, 2XL,Apparel,16
197,Google Beekeepers Tee Mint,Google, 2XL,Apparel,14
198,Google F/C Longsleeve Ash,Google, LG,Apparel,24
200,Google Men's Tech Fleece Grey,Google, LG,Apparel,71
201,Google Sunnyvale Campus Bottle,Google,Single Option Only,Campus Collection,11
202,Google SF Campus Tote,Google,Single Option Only,Campus Collection,6
204,Google Sunnyvale Campus Mug,Google,Single Option Only,Campus Collection,7
205,Google Mens Microfleece Jacket Black,Google, 2XL,Uncategorized Items,42
206,Google Cotopaxi Shell,Google, LG,Apparel,38
207,Google Summer19 Crew Grey,Google, XL,Apparel,35
208,Android Large Trace Journal Black,Android,Single Option Only,Notebooks & Journals,8
209,Stan and Friends Onesie Green,Google, 6/12 MONTHS,Apparel,14
210,Google Black Cloud Zip Hoodie,Google Cloud, MD,Apparel,55
211,Google Black Cloud Zip Hoodie,Google Cloud, LG,Apparel,69
212,Google Beekeepers Onesie Pink,Google, NEWBORN,Apparel,14
213,Google Bear Baby Blanket Beige,Google,Single Option Only,Shop by Brand,19
214,Google Women's Tech Fleece Vest Charcoal,Google, LG,Apparel,44
215,YouTube 25 oz Gear Cap Bottle Black,YouTube,Single Option Only,Drinkware,27
216,YouTube Icon Tee Charcoal,YouTube, XL,Apparel,22
217,Google Youth FC Zip Hoodie,Google, SM,Apparel,36
218,Android Pocket Onesie Navy,Android, 18/24 MONTHS,Apparel,18
219,Google Crewneck Sweatshirt Green,Google, SM,Apparel,44
221,Google Crewneck Sweatshirt Grey,Google, XS,Uncategorized Items,44
222,Google Zip Hoodie F/C,Google, 2XL,Apparel,48
223,Google Red Speckled Tee,Google, XL,Apparel,24
224,Google Black Cloud Zip Hoodie,Google Cloud, SM,Apparel,55
225,Google Bot (Multicolored),Google,Single Option Only,Lifestyle,8
226,Google Mural Mug,Google,Single Option Only,Drinkware,14
227,Google Chrome Dino Light Up Water Bottle,Google,Single Option Only,Shop by Brand,19
228,Google Sunnyvale Campus Ladies Tee,Google, MD,Campus Collection,14
229,Google Sherpa Zip Hoodie Charcoal,Google, MD,Apparel,55
230,Google Clear Framed Yellow Shades,Google,Single Option Only,Accessories,3
231,Google Crewneck Sweatshirt Green,Google, XL,Apparel,44
232,Google Twill Cap Charcoal,Google,Single Option Only,Apparel,10
233,Google Youth Badge Tee Navy,Google, LG,Apparel,13
234,Google Women's Discovery Lt. Rain Shell,Google, XL,Apparel,49
235,Google Split Seam Tee Olive,Google, XL,Apparel,21
236,Flamingo and Friends Tee Blue,Google, SM,Apparel,16
237,Google Men's Tech Fleece Grey,Google, SM,Apparel,71
238,Android Flex Journal White,Android,Single Option Only,Office,2
239,Google Women's Microfleece Jacket Black,Google, SM,Uncategorized Items,75
240,Google Yellow YoYo,Google,Single Option Only,New,3
241,Google Tudes Recycled Tee,Google, MD,Apparel,24
242,Google Mouse Pad Navy,Google,Single Option Only,Accessories,4
243,Google Knit Blanket,Google,Single Option Only,Lifestyle,70
244,Google Phone Stand Bamboo,Google,Single Option Only,Small Goods,4
245,Google Men's Softshell Moss,Google, LG,Apparel,79
246,Google Chrome Dinosaur Collectible,Google,Single Option Only,Accessories,24
247,Google Unisex Eco Tee Black,Google, XL,Uncategorized Items,18
248,Google Beekeepers Toddler Tee Pink,Google, 5/6T,Apparel,14
249,Google Beekeepers Youth Tee Pink,Google, SM,Apparel,14
250,Google Beekeepers Youth Tee Pink,Google, MD,Apparel,14
251,Google Beekeepers Onesie Pink,Google, 12M,Apparel,14
252,Android Iconic Hat Black,Android,Single Option Only,Clearance,9
253,Google Cotopaxi Shell,Google, XS,Apparel,38
254,Android Iconic Crewneck Sweatshirt,Android, XS,Apparel,44
255,Google NYC Campus Zip Hoodie,Google, LG,Campus Collection,32
256,Google Light Pen Red,Google,Single Option Only,Writing Instruments,2
257,Android Pocket Youth Tee Green,Android, MD,Apparel,20
258,Google LA Campus Unisex Tee,Google, LG,Clearance,14
259,Google Mountain View Campus Unisex Tee,Google, SM,Campus Collection,14
260,Google Sherpa Zip Hoodie Charcoal,Google, XL,Apparel,55
261,Google Crewneck Sweatshirt Green,Google, XS,Apparel,44
262,Google Small Cable Organizer Blue,Google,Single Option Only,Accessories,2
263,Google Mountain View Campus Sticker,Google,Single Option Only,Campus Collection,1
264,Google Toddler FC Zip Hoodie,Google, SM,Apparel,35
265,Google Cotopaxi Shell,Google, MD,Apparel,38
266,Google Zip Hoodie F/C,Google, XS,Apparel,48
267,Google Sherpa Zip Hoodie Charcoal,Google, XS,Apparel,55
268,Google Cambridge Campus Lapel Pin,Google,Single Option Only,Campus Collection,3
269,Google NYC Campus Lapel Pin,Google,Single Option Only,Campus Collection,3
270,Google Campus Bike Mini Backpack,Google,Single Option Only,Lifestyle,32
271,Google Dino Game Tee,Google, SM,Apparel,32
272,Google Campus Bike Eco Tee Navy,Google, XS,Apparel,20
273,Google F/C Longsleeve Charcoal,Google, MD,Apparel,24
274,Google Red Speckled Tee,Google, SM,Apparel,24
275,YouTube Icon Tee Grey,YouTube, LG,Apparel,18
276,Google Shoreline Water Bottle,Google Cloud,Single Option Only,Shop by Brand,26
277,Google Large Pet Leash (Red/Yellow),Google,Single Option Only,Accessories,35
278,Google Cup Cap Tumbler Grey,Google,Single Option Only,New,24
279,Google Badge Heavyweight Pullover Black,Google, 3XL,Apparel,46
280,Google Sherpa Zip Hoodie Charcoal,Google, LG,Apparel,55
281,Google Emoji Sticker Pack,Google,Single Option Only,Accessories,4
282,Google Women's Black Tee,Google, 2XL,Apparel,15
283,Google Cambridge Campus Bottle,Google,Single Option Only,Campus Collection,11
284,Google Cambridge Campus Tote,Google,Single Option Only,Campus Collection,6
285,Google Cambridge Campus Sticker,Google,Single Option Only,Campus Collection,1
286,Google Medium Pet Leash (Red/Yellow),Google,Single Option Only,Accessories,28
287,Android Large Removable Sticker Sheet,Android,Single Option Only,Accessories,2
288,Android Iconic 4&quot; Decal,Android,Single Option Only,New,1
289,Google Medium Pet Collar (Red/Yellow),Google,Single Option Only,Accessories,28
290,Supernatural Paper Lunch Sack,Google,Single Option Only,Eco-Friendly,19
291,Unisex Google Pocket Tee Grey,Google, XL,Apparel,16
292,Google Sunglasses,Google, RED,Uncategorized Items,4
293,Google Sunnyvale Campus Sticker,Google,Single Option Only,Campus Collection,1
294,Google LA Campus Tote,Google,Single Option Only,Campus Collection,6
295,Google Chicago Campus Mug,Google,Single Option Only,Campus Collection,7
296,Google LA Campus Lapel Pin,Google,Single Option Only,Campus Collection,3
297,Google Striped Penny Pouch,Google,Single Option Only,Bags,2
298,Google Cotopaxi Shell,Google, 2XL,Apparel,38
299,Google Packable Bag Black,Google,Single Option Only,Bags,16
300,Google Men's Puff Jacket Black,Google, XL,Apparel,92
301,Google Sherpa Vest Black,Google, 2XL,Apparel,63
302,Google Men's Softshell Moss,Google, 3XL,Apparel,79
303,Google Land & Sea French Terry Sweatshirt,Google, 3XL,Shop by Brand,44
304,Google Sunglasses,Google, GREEN,Uncategorized Items,3
305,Google Zip Hoodie F/C,Google, XL,Apparel,48
306,Google Sunglasses,Google, BLUE,Uncategorized Items,3
307,Google Color Block Notebook,Google,Single Option Only,Stationery,12
308,Android Pocket Tee Green,Android, MD,Apparel,29
309,Google PNW Campus Unisex Tee,Google, MD,Clearance,14
310,Flamingo and Friends Tee Blue,Google, MD,Apparel,16
311,Google Super G Tumbler (Red Lid),Google,Single Option Only,Lifestyle,22
312,Google Light Pen Green,Google,Single Option Only,Writing Instruments,2
313,Android Small Trace Journal Black,Android,Single Option Only,Notebooks & Journals,5
314,Google Land & Sea Tech Taco,Google,Single Option Only,Shop by Brand,3
315,Google Utility Bag Grey,Google,Single Option Only,Bags,6
316,Google Flat Front Bag Grey,Google,Single Option Only,Bags,30
317,Google LA Campus Unisex Tee,Google, 2XL,Clearance,18
318,Google Tech Taco,Google,Single Option Only,New,3
319,YouTube Iconic Play Pin,YouTube,Single Option Only,New,6
320,Google Pen Red,Google,Single Option Only,Stationery,1
321,Google Pen Bright Blue,Google,Single Option Only,Stationery,1
322,Google Aluminum Bottle Red,Google,Single Option Only,Shop by Brand,6
323,Google Men's Softshell Moss,Google, SM,Apparel,79
324,Google Women's Puff Jacket Black,Google, LG,Apparel,92
325,Google Land & Sea Mug,Google,Single Option Only,Shop by Brand,14
326,Google Men's Tech Fleece Vest Charcoal,Google, MD,Apparel,63
327,Google Men's Puff Jacket Black,Google, MD,Apparel,92
328,Google Women's Softshell Moss,Google, LG,Apparel,79
329,Google PNW Campus Zip Hoodie,Google, XL,Clearance,32
331,Google Austin Campus Zip Hoodie,Google, LG,Campus Collection,32
332,Google Crewneck Sweatshirt Grey,Google, XL,Uncategorized Items,44
333,Google Incognito Dopp Kit V2,Google,Single Option Only,Bags,38
334,Google Men's Softshell Moss,Google, MD,Apparel,79
335,BLM Unisex Pullover Hoodie,Google, 3XL,Black Lives Matter,58
336,Android Pocket Tee Navy,Android, LG,Apparel,23
337,Google Sunnyvale Campus Ladies Tee,Google, SM,Campus Collection,14
338,Android Pocket Youth Tee Green,Android, XS,Apparel,20
339,Android Pocket Youth Tee Navy,Android, MD,Apparel,20
340,Google Large Pet Collar (Blue/Green),Google,Single Option Only,Accessories,28
341,Android Iconic Hat White,Android,Single Option Only,New,13
342,Google LA Campus Zip Hoodie,Google, MD,Clearance,32
343,Google Sunnyvale Campus Zip Hoodie,Google, SM,Campus Collection,32
344,Google Mountain View Campus Zip Hoodie,Google, XL,Campus Collection,32
345,Google PNW Campus Zip Hoodie,Google, MD,Clearance,32
346,Google Soft Modal Scarf,Google,Single Option Only,Apparel,45
347,Google Clear Framed Gray Shades,Google,Single Option Only,Accessories,3
348,Google Raincoat Navy,Google, LG,Apparel,96
349,Google Cork Journal,Google,Single Option Only,New,7
350,Google Toddler FC Tee Charcoal,Google, 4T,Apparel,20
351,Google Red Speckled Tee,Google, LG,Apparel,24
352,Android Iconic Crewneck Sweatshirt,Android, LG,Apparel,44
353,Google SF Campus Ladies Tee,Google, LG,Clearance,14
354,Google Austin Campus Tote,Google,Single Option Only,Campus Collection,8
355,Google Crewneck Sweatshirt Grey,Google, 2XL,Uncategorized Items,44
356,Android Iconic Crewneck Sweatshirt,Android, SM,Apparel,44
357,Google F/C Longsleeve Ash,Google, XS,Apparel,24
358,Google Crew Striped Athletic Sock,Google,Single Option Only,Apparel,14
359,YouTube Icon Tee Grey,YouTube, SM,Apparel,18
360,Google Seattle Campus Sticker,Google,Single Option Only,Campus Collection,1
361,Google Zip Hoodie F/C,Google, SM,Apparel,60
362,Google LA Campus Sticker,Google,Single Option Only,Campus Collection,1
363,Google Toddler FC Tee Charcoal,Google, 5T,Apparel,20
364,Google Toddler FC Tee Charcoal,Google, 2T,Apparel,20
365,Google Confetti Accessory Pouch,Google,Single Option Only,Bags,10
366,Google Toddler Tee White,Google, 5/6T,Apparel,19
367,Youth Jumbo Print Tee White,Google, LG,Apparel,14
368,Stan and Friends Youth Tee Green,Google, MD,Apparel,14
371,Google Land & Sea Tote Bag,Google,Single Option Only,Bags,16
372,Google Women's Discovery Lt. Rain Shell,Google, 2XL,Apparel,49
373,Google Cork Key Ring,Google,Single Option Only,Accessories,7
374,Google PNW Campus Tote,Google,Single Option Only,Campus Collection,6
375,Android Iconic Crewneck Sweatshirt,Android, MD,Apparel,44
376,Keyboard DOT Sticker,Google,Single Option Only,Office,2
377,Android Geek Pin,Android,Single Option Only,Accessories,4
378,Google Hemp Tote,Google,Single Option Only,Clearance,12
379,Google Red YoYo,Google,Single Option Only,New,3
380,Android Iconic Beanie,Android,Single Option Only,New,8
381,Google Felt Luggage Tag,Google,Single Option Only,Clearance,6
382,Google Red Kids Sunglasses,Google,Single Option Only,Accessories,4
383,Google Tee Red,Google, XS,Clearance,9
384,Google Tee Green,Google, XS,Clearance,9
385,Android Iconic Pen,Android,Single Option Only,New,2
386,Android Lumberjack Pin,Android,Single Option Only,Accessories,4
387,Google Youth Badge Tee Olive,Google, MD,Apparel,13
388,Google Lapel Pin,Google,Single Option Only,New,8
389,Google Women's Grid Zip-Up,Google, XL,Apparel,50
390,Google Men's Puff Jacket Black,Google, LG,Apparel,92
391,Google Mountain View Campus Ladies Tee,Google, MD,Campus Collection,14
392,Google F/C Longsleeve Ash,Google, 2XL,Apparel,24
393,Google Mountain View Campus Ladies Tee,Google, SM,Campus Collection,14
394,Google Beekeepers Tee Mint,Google, XS,Apparel,14
395,Google Sherpa Vest Black,Google, LG,Apparel,63
396,Android Garden Tee Orange,Android, SM,Apparel,16
397,Google Toddler Tee White,Google, 2T,Apparel,19
398,Google Jotter Task Pad,Google,Single Option Only,Shop by Brand,2
399,Android Iconic Pin,Android,Single Option Only,New,3
401,Google Land & Sea Women's Eco Tee,Google, SM,Apparel,20
402,Google SF Campus Unisex Tee,Google, MD,Clearance,14
403,Daddy Works at Google Book,Google,Single Option Only,Small Goods,16
404,Google Cork Pencil Pouch,Google,Single Option Only,New,8
405,Supernatural Paper Backpack,Google,Single Option Only,Bags,58
406,Google Chicago Campus Unisex Tee,Google, LG,Campus Collection,14
407,Google Boulder Campus Unisex Tee,Google, LG,Clearance,14
408,Google Kirkland Campus Unisex Tee,Google, LG,Clearance,14
409,Google NYC Campus Ladies Tee,Google, SM,Campus Collection,14
410,YouTube Icon Tee Grey,YouTube, MD,Apparel,18
411,Google ApPeel Journal Red,Google,Single Option Only,New,15
412,Google Austin Campus Zip Hoodie,Google, XL,Campus Collection,32
413,Google Zip Hoodie F/C,Google, LG,Apparel,48
414,Mural Food Container,Google,Single Option Only,Lifestyle,33
415,Google Incognito Flap Pack,Google,Single Option Only,Bags,60
416,Google Sunnyvale Campus Ladies Tee,Google, LG,Campus Collection,14
417,Google Land & Sea Women's Eco Tee,Google, LG,Apparel,20
418,Google Cambridge Campus Ladies Tee,Google, MD,Campus Collection,14
419,Google 16 oz Tumbler Blue,Google,Single Option Only,Drinkware,10
420,Google Youth Hero Tee Grey,Google, SM,Apparel,19
421,Google NYC Campus Ladies Tee,Google, MD,Campus Collection,18
422,Supernatural Paper Tote,Google,Single Option Only,Bags,28
423,Android Iconic Backpack,Android,Single Option Only,New,25
424,Google Raincoat Navy,Google, 2XL,Apparel,120
425,Google Heather Green Speckled Tee,Google, XL,Apparel,21
426,YouTube Icon Tee Grey,YouTube, 2XL,Apparel,22
427,Android Pocket Tee Green,Android, 2XL,Apparel,29
428,Android Garden Tee Orange,Android, 2XL,Apparel,20
429,Google SF Campus Mug,Google,Single Option Only,Campus Collection,7
430,Google Chicago Campus Tote,Google,Single Option Only,Campus Collection,6
431,Google Chicago Campus Ladies Tee,Google, MD,Campus Collection,14
432,Candy Cane Android Cardboard Sculpture,Android,Single Option Only,Accessories,8
433,Android Iconic Glass Bottle Green,Android,Single Option Only,Clearance,13
434,Google Incognito Messenger Bag,Google,Single Option Only,Bags,60
435,Stan and Friends Onesie Green,Google, 3/6 MONTHS,Apparel,14
436,Google Black Cloud Zip Hoodie,Google Cloud, XL,Apparel,55
437,Google Confetti Pen White,Google,Single Option Only,Office,2
438,Google Toddler Hero Tee Olive,Google, 2T,Apparel,19
439,Google Toddler Tee White,Google, 3T,Apparel,19
440,Google Kirkland Campus Ladies Tee,Google, MD,Clearance,14
441,Google Seattle Campus Ladies Tee,Google, SM,Clearance,14
442,Womens Google Striped LS,Google, LG,Apparel,16
443,Google PNW Campus Sticker,Google,Single Option Only,Campus Collection,1
444,Google Crewneck Sweatshirt Navy,Google, XL,Apparel,44
445,Google Black Cloud Zip Hoodie,Google Cloud, 3XL,Apparel,55
446,Android Jotter Task Pad,Android,Single Option Only,Shop by Brand,2
447,Google Laptop Sleeve Charcoal,Google,Single Option Only,Accessories,16
448,Google Men's Tech Fleece Grey,Google, MD,Apparel,89
449,Google Dino Game Tee,Google, XS,Apparel,32
450,Google Large White Gift Bag 5/PK,Google,Single Option Only,New,10
451,Google Women's Tech Fleece Vest Charcoal,Google, MD,Apparel,44
452,Google Youth FC Tee Charcoal,Google, SM,Apparel,20
453,Google Youth FC Tee Charcoal,Google, MD,Apparel,20
454,Super G Unisex Joggers,Google, XS,Shop by Brand,37
455,Youth Jumbo Print Tee White,Google, XL,Apparel,18
456,Google Women's Tech Fleece Grey,Google, SM,Apparel,89
457,Google Badge Heavyweight Pullover Black,Google, MD,Apparel,46
458,Android Iconic Crewneck Sweatshirt,Android, XL,Apparel,44
459,Super G Unisex Joggers,Google, XL,Shop by Brand,30
460,Android Pocket Onesie Navy,Android, 6/12 MONTHS,Apparel,22
461,Google Sunnyvale Campus Ladies Tee,Google, XL,Campus Collection,14
462,Google Crewneck Sweatshirt Navy,Google, LG,Apparel,44
463,Google Youth Badge Tee Olive,Google, XL,Apparel,13
464,Google Infant Charcoal Onesie,Google, 12/18 MONTHS,Apparel,20
465,Google Tee Grey,Google, 3XL,Uncategorized Items,9
466,Google Sunnyvale Campus Zip Hoodie,Google, LG,Campus Collection,32
467,Google Austin Campus Zip Hoodie,Google, SM,Campus Collection,32
468,Unisex Google Pocket Tee Grey,Google, LG,Apparel,20
469,Google Women's Grid Zip-Up,Google, MD,Apparel,50
470,Google Women's Grid Zip-Up,Google, XS,Apparel,50
471,Google Women's Tech Fleece Grey,Google, LG,Apparel,71
472,Google Sherpa Zip Hoodie Navy,Google, 2XL,Apparel,55
473,Google Crewneck Sweatshirt Green,Google, 2XL,Apparel,44
474,Google Campus Bike Carry Pouch,Google,Single Option Only,Bags,8
475,Google Crewneck Sweatshirt Grey,Google, LG,Uncategorized Items,44
476,Google Tee Blue,Google, XS,Uncategorized Items,9
477,Google Recycled Notebook Set Natural,Google,Single Option Only,Office,13
478,Google Cloth & Pouch Black,Google,Single Option Only,Accessories,3
479,Unisex Google Pocket Tee Grey,Google, SM,Apparel,16
480,Google Kirkland Campus Ladies Tee,Google, SM,Clearance,14
481,Google Mesh Bag Blue,Google,Single Option Only,Bags,6
482,Google Mesh Bag Red,Google,Single Option Only,Bags,6
483,Stan and Friends Tee Green,Google, XS,Apparel,14
484,Stan and Friends Tee Green,Google, MD,Apparel,14
485,Stan and Friends Toddler Tee Green,Google, 5/6T,Apparel,14
486,Google Recycled Pen Green,Google,Single Option Only,New,2
487,Google Split Seam Tee Olive,Google, SM,Apparel,21
488,Google Youth FC Tee Charcoal,Google, LG,Apparel,20
489,Google Infant Hero Tee Olive,Google, 6/12 MONTHS,Apparel,14
490,Gift Card - $25.00,Google,Single Option Only,Gift Cards,25
491,YouTube Icon Tee Grey,YouTube, XL,Apparel,22
492,Google Zip Hoodie F/C,Google, 3XL,Apparel,48
493,Google Maps Pin,Google,Single Option Only,New,7
494,Google SF Campus Unisex Tee,Google, XS,Clearance,18
495,YouTube Play Mug,YouTube,Single Option Only,Lifestyle,13
496,Google Incognito Laptop Organizer,Google,Single Option Only,Bags,45
497,Google Seaport Tote,Google,Single Option Only,New,48
498,YouTube Standards Zip Hoodie Black,YouTube, XL,Apparel,60
499,Google Dino Game Tee,Google, LG,Apparel,32
500,Google Cambridge Campus Unisex Tee,Google, MD,Campus Collection,14
501,Google Infant Hero Tee Olive,Google, 12/18 MONTHS,Apparel,14
502,Google Medium Pet Collar (Blue/Green),Google,Single Option Only,Accessories,28
504,Google Cambridge Campus Zip Hoodie,Google, MD,Campus Collection,41
505,Android Pocket Tee Navy,Android, XL,Apparel,23
506,Google Cambridge Campus Zip Hoodie,Google, XL,Campus Collection,32
507,Google NYC Campus Ladies Tee,Google, XL,Campus Collection,14
508,Stan and Friends Toddler Tee Green,Google, 2T,Apparel,18
509,Google Austin Campus Unisex Tee,Google, SM,Campus Collection,14
510,Google Felt Strap Keyring,Google,Single Option Only,New,10
511,Google Women's Kirkland Pullover,Google, XS,Apparel,35
512,Womens Google Striped LS,Google, XS,Apparel,16
513,Google Infant Hero Onesie Grey,Google, 18/24 MONTHS,Apparel,18
515,Google Sherpa Zip Hoodie Charcoal,Google, SM,Apparel,55
516,YouTube Women's Favorite Tee White,YouTube, 2XL,Uncategorized Items,9
517,Google Crewneck Sweatshirt Navy,Google, 2XL,Apparel,44
518,Google Land & Sea French Terry Sweatshirt,Google, XS,Shop by Brand,44
521,Google Youth Hero Tee Grey,Google, MD,Apparel,19
523,Google Small White Gift Bag 5/PK,Google,Single Option Only,New,6
524,Google Women's Grid Zip-Up,Google, 2XL,Apparel,50
525,Android Iconic Notebook,Android,Single Option Only,New,17
526,YouTube Transmission Journal Red,YouTube,Single Option Only,Office,16
527,Google Seattle Campus Lapel Pin,Google,Single Option Only,Campus Collection,3
528,Google Confetti Slim Task Pad,Google,Single Option Only,Office,3
529,Google PNW Campus Lapel Pin,Google,Single Option Only,Campus Collection,3
530,Google Kirkland Campus Sticker,Google,Single Option Only,Campus Collection,1
531,Google Bellevue Campus Sticker,Google,Single Option Only,Campus Collection,1
532,Google Youth Hero Tee Maroon,Google, MD,Apparel,19
533,Google Youth Badge Tee Navy,Google, SM,Apparel,13
534,Google Tonal Tee Coral,Google, XS,Uncategorized Items,9
535,Google LA Campus Zip Hoodie,Google, LG,Clearance,32
536,Google LA Campus Ladies Tee,Google, SM,Clearance,18
537,Google Women's Tech Fleece Grey,Google, MD,Apparel,71
538,Google Beekeepers Tee Mint,Google, SM,Apparel,14
539,Android Pocket Toddler Tee Navy,Android, 2T,Apparel,18
540,Google Black Cloud Zip Hoodie,Google Cloud, 2XL,Apparel,55
541,Google Summer19 Crew Grey,Google, 2XL,Apparel,43
542,Google Sherpa Vest Black,Google, XL,Apparel,79
543,Google Split Seam Tee Olive,Google, MD,Apparel,21
544,Google Youth F/C Pullover Hoodie,Google, MD,Apparel,32
545,Google Youth Hero Tee Grey,Google, XL,Apparel,24
546,Stan and Friends Toddler Tee Green,Google, 3T,Apparel,14
547,Stan and Friends Onesie Green,Google, 12/18 MONTHS,Apparel,14
549,Google Austin Campus Zip Hoodie,Google, MD,Campus Collection,32
550,Android Pocket Onesie White,Android, 18/24 MONTHS,Apparel,18
551,Google Mountain View Campus Zip Hoodie,Google, LG,Campus Collection,41
552,Google NYC Campus Zip Hoodie,Google, XL,Campus Collection,41
553,Google Navy Speckled Tee,Google, XL,Apparel,24
554,Google Land & Sea Women's Eco Tee,Google, XL,Apparel,20
555,Google Men's Softshell Moss,Google, 2XL,Apparel,79
556,YouTube Icon Tee Charcoal,YouTube, 2XL,Apparel,18
558,Google Women's Puff Jacket Black,Google, SM,Apparel,92
559,Google Land & Sea French Terry Sweatshirt,Google, XS,Shop by Brand,44
560,Google Land & Sea French Terry Sweatshirt,Google, XL,Shop by Brand,44
561,Google Tee F/C Black,Google, 3XL,Uncategorized Items,18
562,Snowflake Android Cardboard Sculpture,Android,Single Option Only,Accessories,10
563,Google Campus Bike Eco Tee Navy,Google, XL,Apparel,20
564,Google Boulder Campus Zip Hoodie,Google, MD,Clearance,32
565,Google Kirkland Campus Unisex Tee,Google, SM,Clearance,14
566,Google Sherpa Zip Hoodie Charcoal,Google, 2XL,Apparel,55
567,Google Unisex Eco Tee Black,Google, 3XL,Uncategorized Items,18
568,Google Men's Softshell Moss,Google, XL,Apparel,79
569,Google Men's Discovery Lt. Rain Shell,Google, 2XL,Uncategorized Items,62
570,Google Raincoat Navy,Google, XL,Apparel,120
571,Google Badge Heavyweight Pullover Black,Google, SM,Apparel,46
572,Google Beekeepers Toddler Tee Pink,Google, 2T,Apparel,14
573,Android Hipster Pin,Android,Single Option Only,Accessories,4
574,Google Beekeepers Onesie Pink,Google, 18M,Apparel,14
575,Google Tonal Tee Spearmint,Google, XS,Uncategorized Items,9
576,Google Women's Grid Zip-Up,Google, LG,Apparel,63
577,Google Men's Tech Fleece Vest Charcoal,Google, SM,Apparel,63
579,Google Seattle Campus Ladies Tee,Google, LG,Clearance,14
580,Google Kirkland Campus Unisex Tee,Google, MD,Clearance,14
581,Google Red Speckled Tee,Google, 2XL,Apparel,24
582,Google Toddler Tee White,Google, 4T,Apparel,19
583,Google Cork Tablet Case,Google,Single Option Only,Accessories,17
584,Android Pocket Tee Navy,Android, 2XL,Apparel,23
585,Google Tudes Recycled Tee,Google, XL,Apparel,24
586,Google Crewneck Sweatshirt Navy,Google, XS,Apparel,44
587,Google Youth FC Longsleeve Charcoal,Google, SM,Apparel,24
588,Google Toddler Hero Tee Black,Google, 5/6T,Apparel,13
589,Google Youth FC Longsleeve Charcoal,Google, LG,Apparel,30
590,Google Large Pet Leash (Blue/Green),Google,Single Option Only,Accessories,28
591,Stan and Friends Toddler Tee Green,Google, 4T,Apparel,14
592,Google Toddler Hero Tee Olive,Google, 4T,Apparel,19
593,YouTube Icon Tee Charcoal,YouTube, SM,Apparel,22
594,Google Men's Tech Fleece Grey,Google, 2XL,Apparel,71
595,Google F/C Longsleeve Charcoal,Google, 2XL,Apparel,24
596,Google Toddler Hero Tee Black,Google, 3T,Apparel,13
597,Android Pocket Toddler Tee Navy,Android, 3T,Apparel,18
598,Google SF Campus Lapel Pin,Google,Single Option Only,Campus Collection,3
599,Google Mural Tote,Google,Single Option Only,Bags,14
600,Google Totepak,Google,Single Option Only,New,19
601,Google NYC Campus Zip Hoodie,Google, SM,Campus Collection,32
602,Google Badge Heavyweight Pullover Black,Google, 2XL,Apparel,46
603,Google Women's Puff Jacket Black,Google, 2XL,Apparel,92
604,Google Youth Hero Tee Maroon,Google, XL,Apparel,19
605,Google Youth FC Tee Charcoal,Google, XL,Apparel,20
606,Google Mountain View Campus Zip Hoodie,Google, XS,Campus Collection,32
607,Google LA Campus Zip Hoodie,Google, XS,Clearance,32
608,Google Mountain View Campus Ladies Tee,Google, 2XL,Campus Collection,18
609,Google Red Speckled Tee,Google, XS,Apparel,24
610,Google Austin Campus Lapel Pin,Google,Single Option Only,Campus Collection,3
611,Android Garden Tee Orange,Android, MD,Apparel,16
612,Google Chicago Campus Zip Hoodie,Google, MD,Campus Collection,32
613,Google Youth Badge Tee Navy,Google, MD,Apparel,13
614,Google Beekeepers Toddler Tee Pink,Google, 4T,Apparel,14
615,Google Boulder Campus Bottle,Google,Single Option Only,Campus Collection,11
616,Google SF Campus Zip Hoodie,Google, MD,Clearance,41
617,Google NYC Campus Ladies Tee,Google, LG,Campus Collection,14
618,Google NYC Campus Unisex Tee,Google, SM,Campus Collection,14
619,Google Youth Hero Tee Grey,Google, LG,Apparel,24
620,Google Women's Softshell Moss,Google, MD,Apparel,79
621,Google Boulder Campus Unisex Tee,Google, MD,Clearance,14
622,Google Land & Sea French Terry Sweatshirt,Google, XL,Shop by Brand,44
623,Google Mountain View Campus Ladies Tee,Google, XL,Campus Collection,14
624,Google Tee Mint Green,Google, 3XL,Apparel,14
625,Google Boulder Campus Ladies Tee,Google, LG,Clearance,14
626,Google Boulder Campus Zip Hoodie,Google, XL,Clearance,32
627,Google Sunnyvale Campus Zip Hoodie,Google, XS,Campus Collection,32
628,Google PNW Campus Zip Hoodie,Google, SM,Clearance,32
629,Google Toddler Hero Tee Olive,Google, 3T,Apparel,19
630,Android Pocket Toddler Tee Navy,Android, 5/6T,Apparel,18
631,Google Toddler Hero Tee Olive,Google, 5/6T,Apparel,19
632,Stan and Friends Youth Tee Green,Google, XL,Apparel,14
633,Google Boulder Campus Ladies Tee,Google, SM,Clearance,14
634,Stan and Friends Youth Tee Green,Google, LG,Apparel,14
635,Google Men's Puff Jacket Black,Google, 2XL,Apparel,92
636,Flamingo and Friends Tee Blue,Google, 2XL,Apparel,16
637,Google Medium Pet Leash (Blue/Green),Google,Single Option Only,Accessories,28
638,Google Men's Puff Jacket Black,Google, 3XL,Apparel,115
639,Google Sherpa Vest Black,Google, SM,Apparel,63
640,Essential Canvas Tote,Google,Single Option Only,New,32
641,Google Tudes Thermal Bottle,Google,Single Option Only,Drinkware,40
642,Google Heather Green Speckled Tee,Google, 2XL,Apparel,21
643,Google Tee Grey,Google, XS,Uncategorized Items,11
644,Google Crewneck Sweatshirt Green,Google, 3XL,Apparel,44
645,Google Women's Tech Fleece Vest Charcoal,Google, SM,Apparel,44
646,YouTube Small Sticker Sheet,YouTube,Single Option Only,Accessories,2
647,Google Large Pet Collar (Red/Yellow),Google,Single Option Only,Accessories,35
648,Super G Unisex Joggers,Google, 2XL,Shop by Brand,37
649,Google Men's Tech Fleece Vest Charcoal,Google, LG,Apparel,79
650,Android Pocket Onesie Navy,Android, 3/6 MONTHS,Apparel,18
651,Google Crewneck Sweatshirt Grey,Google, MD,Uncategorized Items,44
652,Google Tee Mint Green,Google, XS,Apparel,14
653,Google Women's Softshell Moss,Google, SM,Apparel,79
654,YouTube Icon Tee Charcoal,YouTube, XS,Apparel,22
655,Google Women's Tech Fleece Grey,Google, XL,Apparel,71
656,Google Chicago Campus Zip Hoodie,Google, LG,Campus Collection,32
657,Google Cambridge Campus Zip Hoodie,Google, LG,Campus Collection,32
658,Google Sunnyvale Campus Zip Hoodie,Google, XL,Campus Collection,32
659,Google Men's Tech Fleece Vest Charcoal,Google, 3XL,Apparel,79
660,Stainless Bent Straw/Cleaner,Google,Single Option Only,Clearance,2
661,Google NYC Campus Zip Hoodie,Google, XS,Campus Collection,32
662,Google Beekeepers Onesie Pink,Google, 24M,Apparel,14
663,Google LA Campus Zip Hoodie,Google, XL,Clearance,41
664,Google Tee Yellow,Google, 3XL,Clearance,9
666,Google Infant Hero Tee Olive,Google, 18/24 MONTHS,Apparel,14
667,Google Cambridge Campus Unisex Tee,Google, 3XL,Campus Collection,14
668,Google LA Campus Unisex Tee,Google, 3XL,Clearance,14
669,Google Boulder Campus Unisex Tee,Google, SM,Clearance,14
670,YouTube Icon Tee Grey,YouTube, XS,Apparel,18
671,Google Boulder Campus Unisex Tee,Google, XS,Clearance,14
672,Google Austin Campus Ladies Tee,Google, XL,Campus Collection,14
673,Google Kirkland Campus Ladies Tee,Google, LG,Clearance,14
674,Google PNW Campus Unisex Tee,Google, XS,Clearance,14
675,Google LA Campus Zip Hoodie,Google, SM,Clearance,32
676,Google Boulder Campus Lapel Pin,Google,Single Option Only,Campus Collection,3
677,Google PNW Campus Ladies Tee,Google, MD,Clearance,14
678,Google Mountain View Campus Ladies Tee,Google, LG,Campus Collection,14
679,Google Youth Hero Tee Maroon,Google, LG,Apparel,19
680,Google Navy Speckled Tee,Google, LG,Apparel,24
681,Google Beekeepers Onesie Pink,Google, 6M,Apparel,14
682,Google Men's Tech Fleece Vest Charcoal,Google, XL,Apparel,63
683,Google LA Campus Unisex Tee,Google, MD,Clearance,14
684,Android Pocket Youth Tee Navy,Android, LG,Apparel,25
685,Google LA Campus Unisex Tee,Google, XL,Clearance,14
686,Android Iconic Crewneck Sweatshirt,Android, 3XL,Apparel,44
687,Android Pocket Tee Navy,Android, SM,Apparel,23
688,Google Women's Pride Eco-Tee Black,Google, XL,Apparel,12
689,Google Bottle Cleaner,Google,Single Option Only,Drinkware,8
690,Google LA Campus Ladies Tee,Google, MD,Clearance,14
691,Google Beekeepers Tee Mint,Google, LG,Apparel,18
692,Android Pocket Youth Tee Green,Android, LG,Apparel,25
693,Google Men's Tech Fleece Vest Charcoal,Google, 2XL,Apparel,63
694,Google Men's Tech Fleece Grey,Google, 3XL,Apparel,89
695,Google Men's Puff Jacket Black,Google, SM,Apparel,92
696,Stan and Friends Onesie Green,Google, 18/24 MONTHS,Apparel,14
697,Stan and Friends Tee Green,Google, XL,Apparel,18
698,Google Sherpa Vest Black,Google, MD,Apparel,63
699,Google SF Campus Zip Hoodie,Google, SM,Clearance,32
700,Google Tudes Recycled Tee,Google, SM,Apparel,24
701,Google Land & Sea Women's Eco Tee,Google, 2XL,Apparel,20
702,Womens Google Striped LS,Google, XL,Apparel,16
703,Google Tudes Recycled Tee,Google, 3XL,Apparel,24
704,Stan and Friends Tee Green,Google, SM,Apparel,14
705,Google Navy Speckled Tee,Google, XS,Apparel,24
706,Google Land & Sea French Terry Sweatshirt,Google, 2XL,Shop by Brand,44
707,Android Pocket Tee Green,Android, XL,Apparel,23
708,Google Sherpa Vest Black,Google, XS,Apparel,63
709,Google Campus Bike Eco Tee Navy,Google, 3XL,Apparel,20
710,Google Chicago Campus Ladies Tee,Google, LG,Campus Collection,14
711,Google Land & Sea French Terry Sweatshirt,Google, MD,Shop by Brand,44
712,Unisex Google Pocket Tee Grey,Google, MD,Apparel,16
713,Google Women's Ringer Tee,Google, LG,Apparel,14
714,Google Boulder Campus Zip Hoodie,Google, 2XL,Clearance,32
715,Google Women's Eco Tee Black,Google, MD,Apparel,18
716,Google Women's Tech Fleece Vest Charcoal,Google, XL,Apparel,44
717,Google Women's Microfleece Jacket Black,Google, LG,Uncategorized Items,60
718,Google Raincoat Navy,Google, SM,Apparel,96
719,Google Cambridge Campus Ladies Tee,Google, LG,Campus Collection,18
720,Google Women's Microfleece Jacket Black,Google, MD,Uncategorized Items,60
721,Google Austin Campus Zip Hoodie,Google, XS,Campus Collection,32
722,Google NYC Campus Zip Hoodie,Google, 3XL,Campus Collection,32
723,Google Kirkland Campus Unisex Tee,Google, 3XL,Clearance,14
724,Google PNW Campus Bottle,Google,Single Option Only,Campus Collection,11
725,Google Land & Sea Mug,Google,Single Option Only,Shop by Brand,14
726,Google Unisex Eco Tee Black,Google, 2XL,Uncategorized Items,18
727,Google Tee F/C Black,Google, XS,Uncategorized Items,12
728,YouTube Icon Tee Charcoal,YouTube, LG,Apparel,18
729,Google Youth FC Zip Hoodie,Google, MD,Apparel,36
730,Google Cambridge Campus Unisex Tee,Google, 2XL,Campus Collection,18
731,Google Mountain View Tee Red,Google, XS,Apparel,14
732,Google Women's Softshell Moss,Google, XL,Apparel,79
733,Google Seattle Campus Unisex Tee,Google, SM,Clearance,14
734,Google PNW Campus Ladies Tee,Google, SM,Clearance,14
735,Google Chicago Campus Zip Hoodie,Google, XL,Campus Collection,32
736,Google Sunnyvale Campus Unisex Tee,Google, SM,Campus Collection,14
737,Google Women's Pride Eco-Tee Black,Google, LG,Apparel,12
738,Google Black Cloud Zip Hoodie,Google Cloud, XS,Apparel,55
739,Google Women's Discovery Lt. Rain Shell,Google, XS,Apparel,49
740,Google Sunnyvale Campus Zip Hoodie,Google, MD,Campus Collection,32
741,Google Sunnyvale Campus Zip Hoodie,Google, 2XL,Campus Collection,32
742,Google Chicago Campus Ladies Tee,Google, SM,Campus Collection,14
743,Google Boulder Campus Zip Hoodie,Google, LG,Clearance,32
744,Flamingo and Friends Tee Blue,Google, XS,Apparel,16
745,YouTube Icon Tee Grey,YouTube, 3XL,Apparel,18
746,Google Austin Campus Unisex Tee,Google, XS,Campus Collection,14
747,Google Beekeepers Tee Mint,Google, XL,Apparel,14
748,Gift Card - $50.00,Google,Single Option Only,Gift Cards,50
749,Google Women's Grid Zip-Up,Google, 3XL,Apparel,63
750,Google Boulder Campus Ladies Tee,Google, MD,Clearance,14
751,Google Mountain View Campus Zip Hoodie,Google, 2XL,Campus Collection,32
752,Google LA Campus Ladies Tee,Google, LG,Clearance,14
753,Google LA Campus Ladies Tee,Google, 2XL,Clearance,14
754,Google Youth Badge Tee Navy,Google, XL,Apparel,17
755,Google Dino Game Tee,Google, 3XL,Apparel,32
756,Unisex Google Pocket Tee Grey,Google, XS,Apparel,16
757,Android Pocket Youth Tee Navy,Android, SM,Apparel,20
758,Google Land & Sea French Terry Sweatshirt,Google, 2XL,Shop by Brand,55
759,Android Iconic Bottle Black,Android,Single Option Only,New,24
760,Google Split Seam Tee Olive,Google, 2XL,Apparel,21
761,Google Kirkland Campus Ladies Tee,Google, 2XL,Clearance,14
762,Google Light Pen Yellow,Google,Single Option Only,Writing Instruments,2
763,Android Pocket Youth Tee Green,Android, SM,Apparel,25
764,Google Cambridge Campus Zip Hoodie,Google, SM,Campus Collection,32
765,Google Toddler Hero Tee Black,Google, 4T,Apparel,13
766,Android Puzzlebot v2,Android,Single Option Only,Accessories,16
767,Google PNW Campus Ladies Tee,Google, LG,Clearance,18
768,Google Dino Game Tee,Google, MD,Apparel,32
769,Google PNW Campus Ladies Tee,Google, 2XL,Clearance,18
770,Google Crewneck Sweatshirt Grey,Google, SM,Uncategorized Items,44
771,Google PNW Campus Ladies Tee,Google, XL,Clearance,14
772,Google Boulder Campus Zip Hoodie,Google, XS,Clearance,32
773,Flamingo and Friends Tee Blue,Google, LG,Apparel,16
774,Google SF Campus Ladies Tee,Google, 2XL,Clearance,14
775,Google Crewneck Sweatshirt Grey,Google, 3XL,Uncategorized Items,55
776,Google Women's Tech Fleece Vest Charcoal,Google, 2XL,Apparel,55
777,Android Iconic Crewneck Sweatshirt,Android, 2XL,Apparel,44
778,Google Tudes Recycled Tee,Google, XS,Apparel,24
779,Android Pocket Tee Green,Android, XS,Apparel,23
780,Gift Card- $100.00,Google,Single Option Only,Gift Cards,100
781,Google Tee Red,Google, 3XL,Clearance,9
782,Google Mountain View Campus Zip Hoodie,Google, SM,Campus Collection,32
783,Google Boulder Campus Ladies Tee,Google, 2XL,Clearance,14
784,Google SF Campus Zip Hoodie,Google, XL,Clearance,41
785,Google Youth F/C Pullover Hoodie,Google, LG,Apparel,32
786,Stan and Friends Tee Green,Google, 2XL,Apparel,18
787,Flamingo and Friends Tee Blue,Google, XL,Apparel,16
788,Android Pocket Tee Navy,Android, XS,Apparel,23
789,Google Separating Keyring,Google,Single Option Only,Accessories,6
790,Android Garden Tee Orange,Android, 3XL,Apparel,20
791,Android Pocket Youth Tee Green,Android, XL,Apparel,20
792,Android Pocket Tee Green,Android, SM,Apparel,23
793,Google Beekeepers Youth Tee Pink,Google, LG,Apparel,14
794,Android Pocket Toddler Tee White,Android, 3T,Apparel,18
795,Google NYC Campus Ladies Tee,Google, 2XL,Campus Collection,14
796,Google Chicago Campus Unisex Tee,Google, SM,Campus Collection,14
797,Google Men's Discovery Lt. Rain Shell,Google, 3XL,Uncategorized Items,49
798,Google Kirkland Campus Lapel Pin,Google,Single Option Only,Campus Collection,3
799,Google Cotopaxi Shell,Google, XXS,Apparel,38
800,Google Cambridge Campus Unisex Tee,Google, SM,Campus Collection,18
801,Android Garden Tee Orange,Android, XS,Apparel,16
802,Google Tee F/C Black,Google, 2XL,Uncategorized Items,12
803,Google Heather Green Speckled Tee,Google, XS,Apparel,24
804,Google Chicago Campus Unisex Tee,Google, 3XL,Campus Collection,14
805,Google NYC Campus Zip Hoodie,Google, 2XL,Campus Collection,32
806,Google Boulder Campus Unisex Tee,Google, 3XL,Clearance,14
807,Unisex Google Jumbo Print Tee White,Google, XL,Apparel,12
808,YouTube Standards Zip Hoodie Black,YouTube, LG,Apparel,48
809,Google Land & Sea French Terry Sweatshirt,Google, SM,Shop by Brand,55
810,Google Chicago Campus Zip Hoodie,Google, SM,Campus Collection,41
811,Google SF Campus Zip Hoodie,Google, XS,Clearance,32
812,Google Raincoat Navy,Google, 3XL,Apparel,120
813,Google Crewneck Sweatshirt Navy,Google, 3XL,Apparel,55
814,Google Land & Sea Unisex Tee,Google, XL,Apparel,20
815,Google Split Seam Tee Olive,Google, XS,Apparel,26
816,Google Women's Microfleece Jacket Black,Google, XS,Uncategorized Items,60
817,Android Cardboard Sculpture,Android,Single Option Only,Accessories,14
818,Gift Card - $10.00,Google,Single Option Only,Gift Cards,10
819,Google Land & Sea Unisex Tee,Google, 3XL,Apparel,25
820,Google Sherpa Vest Black,Google, 3XL,Apparel,63
821,Google Youth FC Zip Hoodie,Google, LG,Apparel,36
822,Google Navy Speckled Tee,Google, 3XL,Apparel,24
823,Google Confetti Tote White,Google,Single Option Only,Bags,10
824,YouTube Standards Zip Hoodie Black,YouTube, SM,Apparel,60
825,YouTube Standards Zip Hoodie Black,YouTube, XS,Apparel,60
826,YouTube Standards Zip Hoodie Black,YouTube, 3XL,Apparel,60
827,YouTube Standards Zip Hoodie Black,YouTube, 2XL,Apparel,60
828,Google Badge Heavyweight Pullover Black,Google,LG,Apparel,58
829,Stan and Friends Youth Tee Green,Google,LG,Apparel,25
830,Google F/C Long Sleeve Tee Charcoal,Google,LG,Apparel,30
831,Google Land & Sea Women's Eco Tee,Google,MD,Apparel,25
832,Google F/C Long Sleeve Tee Ash,Google,LG,Apparel,30
833,Google Beekeepers Tee Mint,Google,MD,Apparel,25
834,Google Black Cloud Zip Hoodie,Google Cloud,MD,Apparel,69
836,Google Lightweight Crew Sweatshirt Grey,Google,MD,Apparel,62
838,Google Infant Charcoal Onesie,Google,6/12 MONTHS,Apparel,25
844,Google Infant Hero Onesie Grey,Google,3/6 MONTHS,Apparel,25
858,Google SF Campus Ladies Tee,Google,MD,Clearance,25
865,Google Crewneck Sweatshirt Green,Google,LG,Apparel,55
868,Google Crewneck Sweatshirt Navy,Google,LG,Apparel,55
869,Google Crewneck Sweatshirt Grey,Google,MD,Uncategorized Items,55
873,Google Austin Campus Zip Hoodie,Google,XL,Campus Collection,58
889,Google Chicago Campus Unisex Tee,Google,MD,Campus Collection,25
901,Google LA Campus Unisex Tee,Google,LG,Clearance,25
940,Google Men's Puff Jacket Black,Google,LG,Apparel,115
941,Google Men's Tech Fleece Grey,Google,LG,Apparel,89
942,Google Sherpa Zip Hoodie Charcoal,Google,LG,Apparel,69
943,Google Zip Hoodie F/C,Google,LG,Apparel,60
944,Google Sherpa Zip Hoodie Navy,Google,LG,Apparel,69
979,Google Tee Yellow,Google,XL,Clearance,22
1029,Super G Unisex Joggers,Google,SM,Shop by Brand,37
1069,Google Navy Speckled Tee,Google,MD,Apparel,30
1079,YouTube Icon Tee Charcoal,YouTube,LG,Apparel,22
1086,Google Soft Modal Scarf,Google,MD,Apparel,45
1087,Google Tee Green,Google,Choose Size,Clearance,22
1106,Android Pocket Onesie Navy,Android,3/6 MONTHS,Apparel,22
1109,Google Land & Sea French Terry Sweatshirt,Google,MD,Shop by Brand,55
1118,Google Tudes Recycled Tee,Google,MD,Apparel,30
1129,Google Black Tee,Google,3XL,Apparel,22
1137,Google Toddler FC Tee Charcoal,Google,Choose Size,Apparel,25
1145,Google Tonal Tee Spearmint,Google,XS,Uncategorized Items,22
1146,Google Women's Grid Zip-Up,Google,Choose Size,Apparel,63
1147,Google Men's Discovery Lt. Rain Shell,Google,LG,Uncategorized Items,88
1151,Google Mountain View Campus Zip Hoodie,Google,LG,Campus Collection,41
1152,Google Mens Microfleece Jacket Black,Google,LG,Uncategorized Items,75
1153,Google SF Campus Zip Hoodie,Google,LG,Clearance,58
1158,Google Red Speckled Tee,Google,SM,Apparel,30
1167,Google Toddler FC Zip Hoodie,Google,SM,Apparel,35
1169,Google Youth Badge Tee Olive,Google,SM,Apparel,24
1170,Google Infant Hero Tee Olive,Google,12/18 MONTHS,Apparel,25
1171,Android Pocket Toddler Tee Navy,Android,2T,Apparel,23
1172,YouTube Icon Tee Grey,YouTube,LG,Apparel,22
1175,Google Sunglasses,Google,BLUE,Uncategorized Items,4
1176,Google Women's Eco Tee Black,Google,MD,Apparel,22
1182,Google Toddler Tee White,Google,5/6T,Apparel,24
1183,Google Youth Badge Tee Navy,Google,LG,Apparel,24
1184,Google Youth FC Tee Charcoal,Google,XL,Apparel,25
1185,Google Youth Hero Tee Grey,Google,XL,Apparel,24
1186,Google Toddler Hero Tee Black,Google,4T,Apparel,24
1191,Stan and Friends Tee Green,Google,SM,Apparel,25
1192,Google Women's Puff Jacket Black,Google,SM,Apparel,115
1200,Google Women's Tech Fleece Grey,Google,XS,Apparel,71
1201,Google Women's Microfleece Jacket Black,Google,XS,Uncategorized Items,75
1202,Google Women's Striped L/S,Google,MD,Apparel,29
1203,Google Jumbo Print Tee White,Google,XS,Apparel,29
1204,Stan and Friends Onesie Green,Google,3/6 MONTHS,Apparel,25
1205,Google Beekeepers Onesie Pink,Google,NEWBORN,Apparel,25
1206,Google Kirkland Campus Ladies Tee,Google,SM,Clearance,25
1211,Google NYC Campus Unisex Tee,Google,LG,Campus Collection,25
1214,Google Campus Bike Eco Tee Navy,Google,XS,Apparel,25
1224,Android Iconic Crewneck Sweatshirt,Android,XS,Apparel,55
1226,Google Heather Green Speckled Tee,Google,SM,Apparel,30
1228,Google Split Seam Tee Olive,Google,LG,Apparel,26
1229,Google Land & Sea Unisex Tee,Google,LG,Apparel,25
1230,Google Eco Tee Black,Google,LG,Apparel,22
1231,YouTube Standards Zip Hoodie Black,YouTube,XL,Apparel,60
1232,Google Dino Game Tee,Google,MD,Apparel,40
1235,Google Toddler Hero Tee Olive,Google,3T,Apparel,24
1237,Google Tee Blue,Google,XL,Uncategorized Items,22
1238,Google Women's Discovery Lt. Rain Shell,Google,LG,Apparel,88
1240,Google Unisex Pride Eco-Tee Black,Google,LG,Apparel,22
1241,Google Cambridge Campus Unisex Tee,Google,LG,Campus Collection,25
1242,Google Cambridge Campus Zip Hoodie,Google,LG,Campus Collection,58
1246,Google SF Campus Unisex Tee,Google,2XL,Clearance,25
1247,Google Sunnyvale Campus Unisex Tee,Google,XL,Campus Collection,25
1255,Google PNW Campus Unisex Tee,Google,MD,Clearance,25
1261,Google Women's Short Sleeve Hero Dark Grey,Google,LG,Apparel,19
1269,Google Women's Tech Fleece Vest Charcoal,Google,2XL,Apparel,79
1272,Android Garden Tee Orange,Android,LG,Apparel,29
1273,Flamingo and Friends Tee Blue,Google,XL,Apparel,29
1277,Google Tee Red,Google,LG,Clearance,22
1283,Google Women's Ringer Tee,Google,LG,Apparel,25
1284,YouTube Women's Favorite Tee White,YouTube,LG,Uncategorized Items,22
1285,Google Chicago Campus Zip Hoodie,Google,XL,Campus Collection,58
1286,Google Boulder Campus Zip Hoodie,Google,LG,Clearance,58
1287,Google Tee F/C Black,Google,XL,Uncategorized Items,22
1288,Google Youth F/C Pullover Hoodie,Google,MD,Apparel,40
1289,Google Women's Kirkland Pullover,Google,XS,Apparel,63
1290,Google Mountain View Campus Unisex Tee,Google,XL,Campus Collection,25
1292,Google NYC Campus Zip Hoodie,Google,MD,Campus Collection,58
1293,Google Austin Campus Unisex Tee,Google,XS,Campus Collection,25
1295,Google Cotopaxi Shell,Google,MD,Apparel,95
1296,Android Pocket Youth Tee Navy,Android,SM,Apparel,25
1297,Google Youth FC Longsleeve Charcoal,Google,SM,Apparel,30
1298,Android Pocket Youth Tee Green,Android,SM,Apparel,25
1299,Google Youth FC Zip Hoodie,Google,SM,Apparel,45
1301,Google Seaport Tote,Google,MD,New,60
1302,Google Pocket Tee Grey,Google,XL,Apparel,29
1315,Google Tee Dark Blue,Google,SM,Apparel,25
1316,Google Tonal Tee Coral,Google,MD,Uncategorized Items,22
1317,Google Mountain View Campus Zip Hoodie,Google,XS,Campus Collection,58
1318,Google LA Campus Ladies Tee,Google,SM,Clearance,25
1320,Google Tee Grey,Google,2XL,Uncategorized Items,22
1321,Google Youth Hero Tee Maroon,Google,SM,Apparel,24
1324,Google Cambridge Campus Ladies Tee,Google,MD,Campus Collection,25
1325,Google Seattle Campus Unisex Tee,Google,MD,Clearance,25
1326,Google Seattle Campus Ladies Tee,Google,MD,Clearance,25
1327,Google Austin Campus Ladies Tee,Google,LG,Campus Collection,25
1328,Android Pocket Tee Navy,Android,LG,Apparel,29
1330,Google Tee Mint Green,Google,XL,Apparel,25
1331,Google Youth Jumbo Print Tee White,Google,LG,Apparel,25
1332,Google Women's Black Tee,Google,XL,Apparel,22
1333,Google Women's Pride Eco-Tee Black,Google,XL,Apparel,22
1334,Google NYC Campus Ladies Tee,Google,LG,Campus Collection,25
1335,Google Sunnyvale Campus Zip Hoodie,Google,LG,Campus Collection,58
1336,Google PNW Campus Zip Hoodie,Google,LG,Clearance,58
1337,Google Men's Tech Fleece Vest Charcoal,Google,MD,Apparel,79
1338,Google Sherpa Vest Black,Google,MD,Apparel,79
1340,Google Kids Playful Tee,Google,XL,Google,25
1341,BLM Unisex Pullover Hoodie,Google,MD,Black Lives Matter,58
1343,Google PNW Campus Ladies Tee,Google,XL,Clearance,25
1344,Google Women's Tech Fleece Grey,Google,MD,Apparel,89
1345,Google Raincoat Navy,Google,MD,Apparel,120
1347,Stan and Friends Toddler Tee Green,Google,3T,Apparel,25
1349,Google LA Campus Zip Hoodie,Google,XL,Clearance,58
1353,Google Land & Sea French Terry Sweatshirt,Google,No options available,Shop by Brand,55
1356,Google Chicago Campus Ladies Tee,Google,LG,Campus Collection,25
1357,Google Women's Softshell Moss,Google,Choose Size,Apparel,99
1358,Google Kirkland Campus Unisex Tee,Google,3XL,Clearance,25
1359,Google Sunnyvale Campus Ladies Tee,Google,MD,Campus Collection,25
1360,Google Boulder Campus Unisex Tee,Google,LG,Clearance,25
1361,Google Men's Softshell Moss,Google,LG,Apparel,99
1362,Google Mountain View Campus Ladies Tee,Google,XL,Campus Collection,25
1364,Android Pocket Tee Green,Android,SM,Apparel,29
1365,Google Beekeepers Youth Tee Pink,Google,LG,Apparel,25
1366,Google Mountain View Tee Blue,Google,XL,Apparel,25
1367,Google Beekeepers Toddler Tee Pink,Google,2T,Apparel,25
1372,Google Land & Sea Unisex Tee,Google,No options available,Apparel,25
1373,Google 5K Run 2020 Unisex Tee,Google,MD,Apparel,22
1380,Google Boulder Campus Ladies Tee,Google,LG,Clearance,25
